{
  "best_route": "Rute 3",
  "worst_route": "Rute 2",
  "fuel_saving": 39.912230359996954,
  "cost_saving": 424122.3035999695,
  "time_saving": 50.0,
  "daily_saving": 1272366.9107999085,
  "monthly_saving": 27992072.037597984,
  "yearly_saving": 335904864.4511758
}